C303,Alfa,28.0,566831.0,Ana Gómez,2023-03-18 00:00:00,Cali
E505,Gama,74.0,103952.0,Laura Torres,2023-11-20 00:00:00,Bogotá
C303,Épsilon,47.0,832792.0,Juan Pérez,2023-05-31 00:00:00,Cali
B202,Beta,4.0,912449.0,Carlos Ruiz,2023-04-25 00:00:00,Medellín
D404,Beta,88.0,193750.0,Laura Torres,2023-05-26 00:00:00,Bogotá
C303,Delta,2.0,148987.0,Juan Pérez,2023-05-29 00:00:00,
D404,Gama,64.0,19124.0,Ana Gómez,2023-12-25 00:00:00,Medellín
B202,Épsilon,,991735.0,Carlos Ruiz,2023-05-05 00:00:00,Cali
B202,Gama,89.0,870914.0,Juan Pérez,2023-05-22 00:00:00,Cali
A001,Beta,95.0,90748.0,Laura Torres,2023-11-29 00:00:00,Cali
B202,Alfa,error,526603.0,Carlos Ruiz,2023-11-02 00:00:00,Cartagena
B202,Delta,15.0,155918.0,Luis Ramírez,2023-12-06 00:00:00,Cali
A001,Beta,38.0,915349.0,Juan Pérez,2023-07-24 00:00:00,Cartagena
A001,Delta,97.0,error,Luis Ramírez,2023-09-21 00:00:00,Cali
B202,Alfa,49.0,330637.0,Laura Torres,2023-03-11 00:00:00,Cartagena
D404,,72.0,62006.0,Luis Ramírez,2023-01-24 00:00:00,Cali
E505,Beta,40.0,729491.0,Juan Pérez,2023-08-30 00:00:00,Medellín
A001,Épsilon,,42688.0,Laura Torres,2023-10-07 00:00:00,Barranquilla
A001,Delta,34.0,240820.0,Laura Torres,2023-10-03 00:00:00,Barranquilla
E505,Gama,6.0,714393.0,Luis Ramírez,2023-05-21 00:00:00,Bogotá
B202,Gama,87.0,,Carlos Ruiz,2023-04-28 00:00:00,Cali
D404,Alfa,53.0,542322.0,Carlos Ruiz,2023-12-20 00:00:00,Bogotá
C303,Gama,21.0,267543.0,Juan Pérez,2023-11-24 00:00:00,Medellín
E505,Delta,99.0,968998.0,Juan Pérez,2023-07-05 00:00:00,Cartagena
C303,Gama,,926592.0,Carlos Ruiz,2023-06-11 00:00:00,Cali
E505,Alfa,99.0,748547.0,Carlos Ruiz,2023-10-30 00:00:00,Medellín
A001,Gama,2.0,339542.0,Carlos Ruiz,2023-01-05 00:00:00,Bogotá
A001,Beta,97.0,767108.0,Juan Pérez,2023-06-04 00:00:00,Cali
B202,Alfa,26.0,854990.0,Ana Gómez,2023-04-16 00:00:00,Barranquilla
D404,Delta,44.0,null,Juan Pérez,2023-06-08 00:00:00,Medellín
E505,Beta,96.0,815157.0,Carlos Ruiz,2023-05-22 00:00:00,Cali
E505,Delta,18.0,154019.0,Ana Gómez,2023-04-05 00:00:00,Medellín
E505,Alfa,98.0,945838.0,Laura Torres,2023-04-29 00:00:00,Cali
B202,Gama,30.0,cincuenta,Juan Pérez,2023-08-04 00:00:00,Bogotá
D404,Delta,23.0,49087.0,Juan Pérez,2023-12-21 00:00:00,Cali
C303,Delta,48.0,431592.0,Carlos Ruiz,2023-09-09 00:00:00,Barranquilla
B202,Épsilon,55.0,431897.0,,2023-01-20 00:00:00,Medellín
E505,Alfa,84.0,485835.0,Luis Ramírez,2023-04-12 00:00:00,Bogotá
A001,Alfa,23.0,606048.0,Luis Ramírez,2023-10-10 00:00:00,Medellín
,Alfa,40.0,595608.0,Ana Gómez,2023-01-01 00:00:00,Medellín
C303,Delta,64.0,423546.0,Luis Ramírez,2023-02-28 00:00:00,Bogotá
A001,Beta,72.0,907849.0,Laura Torres,2023-05-03 00:00:00,Cartagena
D404,Alfa,14.0,536239.0,Laura Torres,2023-12-22 00:00:00,Cali
C303,Gama,87.0,142183.0,Juan Pérez,2023-12-17 00:00:00,Cali
C303,Beta,78.0,913567.0,Luis Ramírez,,Barranquilla
C303,Delta,2.0,927613.0,Carlos Ruiz,2023-08-29 00:00:00,Cali
C303,Alfa,4.0,582683.0,Juan Pérez,2023-09-16 00:00:00,Barranquilla
E505,Épsilon,88.0,135346.0,Ana Gómez,2023-05-24 00:00:00,Cartagena
D404,Alfa,9.0,578564.0,Laura Torres,2023-10-30 00:00:00,Cali
D404,Épsilon,16.0,417914.0,Carlos Ruiz,2023-03-07 00:00:00,
E505,Beta,96.0,207550.0,Carlos Ruiz,2023-02-06 00:00:00,Bogotá
E505,Delta,32.0,847101.0,Ana Gómez,2023-08-01 00:00:00,Barranquilla
D404,Beta,27.0,652704.0,Juan Pérez,2023-11-13 00:00:00,Barranquilla
C303,Alfa,15.0,378412.0,Juan Pérez,2023-05-20 00:00:00,Bogotá
A001,Alfa,68.0,148808.0,Juan Pérez,2023-12-14 00:00:00,Cali
E505,Beta,25.0,582707.0,Ana Gómez,,Medellín
D404,Épsilon,15.0,367858.0,Ana Gómez,2023-07-08 00:00:00,Cali
B202,Beta,12.0,939987.0,Luis Ramírez,2023-07-27 00:00:00,Bogotá
D404,Épsilon,71.0,148246.0,Juan Pérez,2023-01-12 00:00:00,Cali
,,24.0,36258.0,Juan Pérez,2023-08-01 00:00:00,Cali
B202,Épsilon,70.0,745726.0,Juan Pérez,2023-08-25 00:00:00,Bogotá
C303,Alfa,41.0,419115.0,Laura Torres,2023-05-30 00:00:00,Cartagena
E505,Alfa,60.0,236920.0,Laura Torres,2023-01-12 00:00:00,Cartagena
A001,Épsilon,31.0,784357.0,Juan Pérez,,Bogotá
B202,Alfa,21.0,730788.0,Juan Pérez,2023-04-22 00:00:00,Barranquilla
E505,Delta,60.0,84244.0,Juan Pérez,2023-11-02 00:00:00,Cali
C303,Beta,75.0,58236.0,Carlos Ruiz,2023-05-31 00:00:00,Cali
,Épsilon,80.0,815040.0,Carlos Ruiz,2023-09-09 00:00:00,Cartagena
B202,Gama,78.0,119023.0,Juan Pérez,2023-08-22 00:00:00,Barranquilla
D404,Alfa,89.0,162019.0,Ana Gómez,2023-05-17 00:00:00,Barranquilla
E505,Alfa,14.0,45704.0,Juan Pérez,2023-08-01 00:00:00,Cartagena
,Beta,82.0,42043.0,Luis Ramírez,2023-01-17 00:00:00,Cartagena
A001,Beta,14.0,970885.0,Carlos Ruiz,2023-01-02 00:00:00,Cali
A001,Épsilon,24.0,391871.0,Laura Torres,2023-10-20 00:00:00,Medellín
D404,Gama,72.0,997620.0,Laura Torres,2023-07-08 00:00:00,Bogotá
B202,Delta,25.0,138139.0,Ana Gómez,2023-11-27 00:00:00,Cali
D404,Gama,,913185.0,Juan Pérez,2023-07-16 00:00:00,Cali
,Gama,28.0,243076.0,Juan Pérez,2023-06-11 00:00:00,Cali
D404,Gama,88.0,,Luis Ramírez,2023-08-30 00:00:00,Medellín
B202,Delta,18.0,816450.0,Laura Torres,2023-09-07 00:00:00,
B202,Beta,57.0,49409.0,Carlos Ruiz,2023-04-06 00:00:00,Cali
C303,Delta,98.0,450324.0,Carlos Ruiz,2023-03-18 00:00:00,Cali
D404,Beta,42.0,767150.0,Carlos Ruiz,2023-10-06 00:00:00,Cartagena
D404,Delta,67.0,469457.0,Luis Ramírez,2023-05-11 00:00:00,Cartagena
D404,Gama,12.0,479804.0,Luis Ramírez,2023-12-07 00:00:00,Cali
D404,Delta,36.0,848202.0,Juan Pérez,2023-07-21 00:00:00,Cali
A001,Beta,69.0,NaN,Luis Ramírez,2023-05-11 00:00:00,Barranquilla
B202,Beta,83.0,945809.0,Carlos Ruiz,2023-03-20 00:00:00,Cartagena
D404,Alfa,76.0,397409.0,Juan Pérez,2023-03-04 00:00:00,Barranquilla
B202,Alfa,91.0,387527.0,Luis Ramírez,2023-11-26 00:00:00,Bogotá
E505,Gama,17.0,732722.0,Ana Gómez,2023-10-30 00:00:00,Medellín
D404,Delta,43.0,213416.0,Carlos Ruiz,2023-01-16 00:00:00,Barranquilla
B202,Gama,92.0,358943.0,Ana Gómez,2023-07-31 00:00:00,Bogotá
C303,Beta,40.0,646200.0,Laura Torres,2023-06-07 00:00:00,Barranquilla
D404,Delta,22.0,540731.0,Ana Gómez,2023-09-26 00:00:00,Bogotá
E505,Gama,64.0,537981.0,Carlos Ruiz,2023-07-15 00:00:00,Barranquilla
D404,Gama,10.0,344394.0,Luis Ramírez,2023-05-15 00:00:00,Medellín
B202,Beta,6.0,945619.0,Carlos Ruiz,2023-02-19 00:00:00,Bogotá
A001,Beta,17.0,344708.0,Juan Pérez,2023-08-01 00:00:00,Cali
A001,Gama,76.0,472067.0,Juan Pérez,2023-01-30 00:00:00,Barranquilla
D404,Épsilon,63.0,979043.0,Laura Torres,2023-02-08 00:00:00,
A001,Épsilon,70.0,941775.0,Laura Torres,2023-05-06 00:00:00,Bogotá
B202,Gama,86.0,925750.0,Carlos Ruiz,2023-11-15 00:00:00,Cartagena
B202,Delta,,39070.0,Ana Gómez,2023-06-04 00:00:00,Bogotá
A001,Épsilon,80.0,463009.0,Ana Gómez,2023-12-12 00:00:00,Cartagena
D404,Alfa,68.0,58838.0,Ana Gómez,2023-12-05 00:00:00,Medellín
B202,Gama,25.0,702162.0,Ana Gómez,2023-01-14 00:00:00,Medellín
D404,Alfa,33.0,70615.0,Luis Ramírez,2023-02-09 00:00:00,Cali
E505,,1.0,553516.0,Laura Torres,2023-11-10 00:00:00,Barranquilla
E505,Épsilon,null,456592.0,Ana Gómez,2023-01-31 00:00:00,Cali
B202,Delta,17.0,528506.0,Juan Pérez,2023-05-15 00:00:00,Cali
E505,Delta,43.0,28549.0,Juan Pérez,,Bogotá
E505,Alfa,58.0,942052.0,Carlos Ruiz,2023-04-07 00:00:00,Cartagena
D404,Alfa,19.0,143350.0,Carlos Ruiz,2023-03-14 00:00:00,Bogotá
E505,Gama,54.0,696124.0,Laura Torres,2023-11-18 00:00:00,Cali
D404,Alfa,83.0,618833.0,Juan Pérez,2023-05-04 00:00:00,Medellín
A001,Alfa,84.0,689201.0,Ana Gómez,2023-05-06 00:00:00,Bogotá
E505,Épsilon,1.0,489636.0,Luis Ramírez,2023-03-10 00:00:00,Bogotá
E505,Delta,87.0,466879.0,Carlos Ruiz,2023-08-02 00:00:00,Barranquilla
E505,Gama,16.0,882608.0,Luis Ramírez,2023-12-20 00:00:00,Cartagena
E505,Épsilon,24.0,863879.0,Carlos Ruiz,2023-07-27 00:00:00,Barranquilla
A001,Delta,84.0,178038.0,Luis Ramírez,2023-07-25 00:00:00,Barranquilla
A001,Delta,79.0,null,Luis Ramírez,2023-01-06 00:00:00,Bogotá
B202,Beta,64.0,748830.0,Carlos Ruiz,2023-08-31 00:00:00,Barranquilla
A001,Beta,58.0,133336.0,Carlos Ruiz,2023-04-11 00:00:00,Bogotá
A001,Alfa,24.0,358829.0,Laura Torres,2023-10-24 00:00:00,Cali
E505,Alfa,58.0,331323.0,Ana Gómez,2023-07-10 00:00:00,Barranquilla
C303,Beta,64.0,344450.0,Ana Gómez,2023-09-15 00:00:00,Medellín
C303,Épsilon,null,961990.0,Luis Ramírez,2023-02-28 00:00:00,Barranquilla
A001,Gama,33.0,32779.0,,2023-02-06 00:00:00,Bogotá
,Épsilon,96.0,863492.0,Carlos Ruiz,,Bogotá
A001,Delta,58.0,873248.0,Carlos Ruiz,2023-10-25 00:00:00,Bogotá
C303,Delta,56.0,500856.0,Luis Ramírez,2023-09-10 00:00:00,Bogotá
E505,Épsilon,95.0,634550.0,Laura Torres,2023-07-30 00:00:00,Cali
E505,Alfa,15.0,368191.0,Luis Ramírez,2023-04-17 00:00:00,
B202,Delta,65.0,659044.0,Ana Gómez,2023-06-21 00:00:00,Cali
C303,Épsilon,12.0,751250.0,Carlos Ruiz,2023-07-28 00:00:00,Cali
D404,Beta,35.0,470196.0,Laura Torres,2023-11-17 00:00:00,Bogotá
B202,Gama,37.0,538380.0,Carlos Ruiz,2023-11-16 00:00:00,Medellín
E505,Épsilon,30.0,688160.0,Luis Ramírez,2023-01-04 00:00:00,Medellín
D404,Gama,90.0,688480.0,Laura Torres,2023-09-08 00:00:00,Cali
B202,Alfa,11.0,145369.0,Ana Gómez,2023-06-14 00:00:00,Barranquilla
B202,Épsilon,60.0,968144.0,Laura Torres,,Medellín
A001,Alfa,32.0,,Luis Ramírez,2023-06-23 00:00:00,Barranquilla
B202,Delta,2.0,142632.0,Carlos Ruiz,2023-06-07 00:00:00,Barranquilla
D404,Gama,,307487.0,Luis Ramírez,2023-07-05 00:00:00,Barranquilla
B202,Gama,46.0,883142.0,Laura Torres,2023-06-06 00:00:00,Medellín
A001,Delta,22.0,976202.0,Laura Torres,2023-11-19 00:00:00,Cartagena
B202,Épsilon,73.0,660341.0,Luis Ramírez,2023-11-02 00:00:00,Medellín
C303,Beta,55.0,610309.0,Ana Gómez,2023-11-27 00:00:00,Cartagena
C303,Beta,59.0,,Ana Gómez,2023-12-25 00:00:00,Cartagena
C303,Gama,30.0,357326.0,Juan Pérez,2023-09-07 00:00:00,Bogotá
B202,Épsilon,,59203.0,Juan Pérez,2023-12-31 00:00:00,Barranquilla
D404,Gama,89.0,230440.0,Carlos Ruiz,2023-03-19 00:00:00,Barranquilla
C303,Gama,21.0,522396.0,Carlos Ruiz,2023-12-28 00:00:00,Cali
D404,Alfa,82.0,562298.0,Carlos Ruiz,2023-06-04 00:00:00,Bogotá
B202,Beta,20.0,302431.0,Carlos Ruiz,2023-12-10 00:00:00,Cartagena
B202,Épsilon,80.0,656513.0,Juan Pérez,2023-07-06 00:00:00,Cartagena
D404,Gama,39.0,864888.0,Ana Gómez,2023-01-19 00:00:00,Barranquilla
D404,Épsilon,,515171.0,Carlos Ruiz,,Medellín
C303,Épsilon,29.0,696619.0,,2023-01-18 00:00:00,Barranquilla
E505,Épsilon,56.0,705483.0,Ana Gómez,,Cartagena
A001,Beta,94.0,480023.0,Ana Gómez,2023-09-28 00:00:00,Barranquilla
D404,Delta,55.0,150792.0,Ana Gómez,2023-10-30 00:00:00,Medellín
C303,Beta,53.0,454830.0,Juan Pérez,2023-06-03 00:00:00,Barranquilla
D404,Épsilon,null,77573.0,Juan Pérez,2023-10-24 00:00:00,Cartagena
C303,,67.0,875499.0,Luis Ramírez,2023-12-31 00:00:00,Cali
C303,Alfa,55.0,31980.0,Luis Ramírez,2023-05-02 00:00:00,Cartagena
D404,Beta,32.0,871801.0,Juan Pérez,2023-03-22 00:00:00,Barranquilla
B202,Épsilon,58.0,389197.0,Carlos Ruiz,2023-05-21 00:00:00,Cali
D404,Beta,78.0,931505.0,Ana Gómez,2023-05-26 00:00:00,Cartagena
B202,Alfa,90.0,542068.0,Luis Ramírez,2023-07-23 00:00:00,Medellín
D404,Alfa,69.0,214713.0,Luis Ramírez,2023-12-08 00:00:00,Medellín
D404,Beta,28.0,89611.0,Ana Gómez,2023-02-06 00:00:00,Cartagena
D404,Épsilon,72.0,207587.0,Luis Ramírez,2023-02-14 00:00:00,Medellín
D404,Épsilon,97.0,375508.0,Laura Torres,2023-05-21 00:00:00,Cali
A001,Gama,60.0,316266.0,Laura Torres,2023-02-24 00:00:00,Bogotá
A001,Épsilon,13.0,541748.0,Luis Ramírez,2023-04-10 00:00:00,Cartagena
E505,Delta,84.0,135982.0,Carlos Ruiz,2023-12-11 00:00:00,Barranquilla
E505,Épsilon,18.0,986032.0,Laura Torres,2023-02-25 00:00:00,Cartagena
,Delta,51.0,957951.0,,2023-10-02 00:00:00,Cartagena
A001,Delta,50.0,85359.0,Juan Pérez,2023-11-30 00:00:00,Medellín
E505,Gama,84.0,453216.0,,2023-05-10 00:00:00,Medellín
B202,Gama,,932538.0,Luis Ramírez,2023-05-13 00:00:00,Barranquilla
C303,Épsilon,97.0,95782.0,Laura Torres,2023-09-20 00:00:00,Cali
B202,Épsilon,85.0,824063.0,Carlos Ruiz,2023-06-04 00:00:00,Cali
E505,Delta,46.0,247484.0,Luis Ramírez,2023-06-08 00:00:00,Cartagena
B202,Gama,24.0,22328.0,Juan Pérez,2023-07-27 00:00:00,Medellín
D404,Gama,92.0,39924.0,Juan Pérez,2023-09-13 00:00:00,Cali
E505,Épsilon,5.0,490120.0,Laura Torres,2023-07-04 00:00:00,Bogotá
C303,Alfa,30.0,988512.0,Luis Ramírez,2023-04-20 00:00:00,Medellín
C303,Alfa,43.0,609663.0,Luis Ramírez,2023-04-07 00:00:00,Cali
E505,Alfa,53.0,947489.0,Luis Ramírez,2023-06-11 00:00:00,Medellín
D404,Gama,24.0,702109.0,Juan Pérez,2023-05-14 00:00:00,Cali
A001,Alfa,14.0,905995.0,Juan Pérez,2023-01-03 00:00:00,Medellín
D404,Alfa,36.0,147103.0,Ana Gómez,2023-01-11 00:00:00,Cartagena
D404,Épsilon,26.0,798604.0,Juan Pérez,2023-10-04 00:00:00,Cali
C303,Épsilon,13.0,64551.0,Juan Pérez,2023-08-19 00:00:00,Cali
B202,Beta,21.0,918774.0,Ana Gómez,2023-12-28 00:00:00,Medellín
,Alfa,90.0,683474.0,Luis Ramírez,2023-03-03 00:00:00,Cartagena
B202,Delta,98.0,905884.0,Juan Pérez,2023-01-24 00:00:00,Cartagena
C303,Alfa,40.0,955958.0,Ana Gómez,2023-06-24 00:00:00,Barranquilla
C303,Alfa,78.0,924452.0,Luis Ramírez,2023-03-07 00:00:00,Barranquilla
C303,Alfa,85.0,198988.0,Carlos Ruiz,2023-02-24 00:00:00,Bogotá
A001,,43.0,376482.0,Ana Gómez,2023-10-19 00:00:00,
A001,Épsilon,59.0,87519.0,Ana Gómez,2023-11-12 00:00:00,Cali
B202,,49.0,453675.0,Luis Ramírez,2023-10-10 00:00:00,Medellín
D404,Alfa,47.0,643924.0,Laura Torres,2023-01-07 00:00:00,Bogotá
D404,Beta,19.0,592023.0,Carlos Ruiz,2023-01-01 00:00:00,Barranquilla
D404,Beta,12.0,62622.0,Juan Pérez,2023-06-17 00:00:00,Barranquilla
B202,Alfa,36.0,cincuenta,Laura Torres,2023-08-03 00:00:00,Bogotá
D404,Delta,94.0,790488.0,Luis Ramírez,2023-03-12 00:00:00,Barranquilla
B202,Épsilon,33.0,,Luis Ramírez,2023-05-25 00:00:00,Barranquilla
C303,Gama,87.0,174371.0,Luis Ramírez,2023-09-10 00:00:00,
E505,Delta,62.0,126963.0,Laura Torres,2023-10-03 00:00:00,Bogotá
B202,Épsilon,cincuenta,615242.0,Luis Ramírez,2023-10-14 00:00:00,Cali
A001,Gama,77.0,92667.0,Carlos Ruiz,2023-02-01 00:00:00,Bogotá
B202,Beta,92.0,837033.0,Laura Torres,2023-09-10 00:00:00,Bogotá
E505,Beta,92.0,331473.0,Carlos Ruiz,2023-07-14 00:00:00,Barranquilla
C303,Épsilon,19.0,830133.0,Carlos Ruiz,2023-05-01 00:00:00,Cali
A001,Épsilon,31.0,855701.0,Luis Ramírez,2023-10-26 00:00:00,Medellín
B202,Gama,50.0,411410.0,Carlos Ruiz,2023-01-31 00:00:00,Cartagena
C303,Beta,42.0,17060.0,Laura Torres,2023-01-09 00:00:00,Medellín
E505,Delta,17.0,62694.0,Luis Ramírez,2023-05-04 00:00:00,Barranquilla
E505,,92.0,null,Juan Pérez,2023-03-29 00:00:00,Medellín
E505,Gama,68.0,88640.0,Ana Gómez,2023-04-04 00:00:00,Cali
D404,Beta,6.0,28937.0,Juan Pérez,2023-01-21 00:00:00,Cali
D404,Delta,60.0,614949.0,,2023-04-26 00:00:00,Barranquilla
B202,Beta,19.0,425827.0,Luis Ramírez,2023-10-11 00:00:00,Cali
E505,Delta,null,884924.0,Laura Torres,2023-04-20 00:00:00,Barranquilla
A001,Alfa,87.0,831243.0,Luis Ramírez,2023-07-08 00:00:00,Barranquilla
E505,Delta,40.0,234671.0,,2023-05-28 00:00:00,Bogotá
A001,Delta,45.0,null,Carlos Ruiz,2023-01-15 00:00:00,Medellín
A001,Épsilon,42.0,176657.0,Carlos Ruiz,2023-02-19 00:00:00,Bogotá
A001,Beta,70.0,602815.0,Carlos Ruiz,2023-11-09 00:00:00,Barranquilla
B202,Beta,24.0,174199.0,Ana Gómez,2023-09-01 00:00:00,Cartagena
A001,Épsilon,22.0,962102.0,Laura Torres,2023-09-04 00:00:00,Cartagena
E505,Beta,53.0,319093.0,Juan Pérez,2023-04-01 00:00:00,Barranquilla
D404,Alfa,85.0,42029.0,Juan Pérez,2023-02-04 00:00:00,Cartagena
C303,Gama,78.0,314799.0,Juan Pérez,2023-05-29 00:00:00,Medellín
E505,Beta,24.0,555562.0,Ana Gómez,2023-12-26 00:00:00,Bogotá
A001,Delta,25.0,396989.0,Laura Torres,2023-08-02 00:00:00,Medellín
B202,Alfa,17.0,278758.0,Laura Torres,2023-07-16 00:00:00,Cali
C303,Delta,35.0,77406.0,Laura Torres,2023-11-17 00:00:00,Bogotá
C303,Delta,81.0,889803.0,Juan Pérez,2023-06-18 00:00:00,Bogotá
C303,Alfa,null,716146.0,Juan Pérez,2023-06-26 00:00:00,Medellín
C303,Alfa,28.0,,Juan Pérez,2023-09-16 00:00:00,Bogotá
D404,Beta,66.0,319553.0,Juan Pérez,2023-04-06 00:00:00,Barranquilla
C303,Gama,34.0,504826.0,Ana Gómez,2023-11-13 00:00:00,Medellín
B202,Delta,65.0,436946.0,,2023-04-24 00:00:00,Cartagena
A001,Delta,3.0,101982.0,Laura Torres,2023-12-24 00:00:00,Medellín
E505,Alfa,59.0,741739.0,Laura Torres,2023-05-20 00:00:00,Cartagena
B202,Gama,56.0,15543.0,Laura Torres,2023-02-23 00:00:00,Medellín
B202,Delta,22.0,error,Luis Ramírez,2023-09-19 00:00:00,Barranquilla
C303,Alfa,42.0,,Laura Torres,2023-02-05 00:00:00,Cali
A001,Beta,,161509.0,Ana Gómez,2023-03-26 00:00:00,Barranquilla
D404,Beta,79.0,128146.0,Ana Gómez,2023-11-03 00:00:00,Barranquilla
B202,Épsilon,12.0,544705.0,Juan Pérez,2023-03-31 00:00:00,Cali
D404,Épsilon,37.0,,Laura Torres,2023-01-03 00:00:00,Cartagena
D404,,41.0,137717.0,Laura Torres,2023-10-29 00:00:00,Barranquilla
D404,Alfa,58.0,128883.0,Laura Torres,2023-11-06 00:00:00,Cali
B202,Alfa,63.0,778939.0,Ana Gómez,2023-11-18 00:00:00,Cali
B202,Épsilon,71.0,880209.0,Ana Gómez,2023-05-17 00:00:00,Medellín
B202,Gama,95.0,792517.0,Laura Torres,2023-02-07 00:00:00,Bogotá
D404,Beta,5.0,511688.0,Juan Pérez,2023-12-03 00:00:00,Medellín
B202,Gama,91.0,,Juan Pérez,2023-05-06 00:00:00,Bogotá
B202,Épsilon,89.0,377781.0,Ana Gómez,2023-04-17 00:00:00,Barranquilla
C303,Gama,17.0,926125.0,Luis Ramírez,2023-10-24 00:00:00,Medellín
B202,Alfa,28.0,445197.0,Laura Torres,2023-03-01 00:00:00,Barranquilla
A001,Delta,27.0,953429.0,Ana Gómez,2023-06-28 00:00:00,Cali
A001,Delta,53.0,983518.0,Laura Torres,2023-11-05 00:00:00,Medellín
E505,Gama,26.0,460196.0,Ana Gómez,2023-08-15 00:00:00,Cartagena
C303,Delta,NaN,894793.0,Ana Gómez,2023-08-14 00:00:00,Cali
D404,Gama,93.0,730979.0,Carlos Ruiz,2023-05-11 00:00:00,Cartagena
A001,Beta,60.0,73050.0,Luis Ramírez,2023-05-28 00:00:00,Cartagena
E505,Épsilon,27.0,849747.0,Ana Gómez,2023-04-23 00:00:00,Bogotá
C303,Gama,81.0,988337.0,Carlos Ruiz,2023-10-05 00:00:00,
C303,Alfa,38.0,509149.0,Ana Gómez,2023-02-12 00:00:00,Medellín
B202,Épsilon,80.0,849481.0,Carlos Ruiz,2023-06-06 00:00:00,Barranquilla
A001,Alfa,9.0,202677.0,Carlos Ruiz,2023-03-17 00:00:00,Cartagena
B202,Gama,30.0,cincuenta,Juan Pérez,2023-08-04 00:00:00,Bogotá
E505,,1.0,553516.0,Laura Torres,2023-11-10 00:00:00,Barranquilla
E505,Beta,24.0,555562.0,Ana Gómez,2023-12-26 00:00:00,Bogotá
D404,,41.0,137717.0,Laura Torres,2023-10-29 00:00:00,Barranquilla
C303,Gama,21.0,522396.0,Carlos Ruiz,2023-12-28 00:00:00,Cali
A001,Beta,95.0,90748.0,Laura Torres,2023-11-29 00:00:00,Cali
B202,Gama,46.0,883142.0,Laura Torres,2023-06-06 00:00:00,Medellín
C303,Alfa,85.0,198988.0,Carlos Ruiz,2023-02-24 00:00:00,Bogotá
B202,Delta,2.0,142632.0,Carlos Ruiz,2023-06-07 00:00:00,Barranquilla
D404,Alfa,82.0,562298.0,Carlos Ruiz,2023-06-04 00:00:00,Bogotá
A001,Duplicado_ID,45.0,null,Carlos Ruiz,2023-01-15 00:00:00,Medellín
A001,Duplicado_ID,80.0,463009.0,Ana Gómez,2023-12-12 00:00:00,Cartagena
E505,Duplicado_ID,92.0,null,Juan Pérez,2023-03-29 00:00:00,Medellín
,Duplicado_ID,28.0,243076.0,Juan Pérez,2023-06-11 00:00:00,Cali
D404,Duplicado_ID,72.0,62006.0,Luis Ramírez,2023-01-24 00:00:00,Cali
C303,Duplicado_ID,28.0,,Juan Pérez,2023-09-16 00:00:00,Bogotá
E505,Duplicado_ID,60.0,84244.0,Juan Pérez,2023-11-02 00:00:00,Cali
,Duplicado_ID,96.0,863492.0,Carlos Ruiz,,Bogotá
D404,Duplicado_ID,,913185.0,Juan Pérez,2023-07-16 00:00:00,Cali
A001,Duplicado_ID,94.0,480023.0,Ana Gómez,2023-09-28 00:00:00,Barranquilla
C303,Gama,87.0,142183.0,Juan Pérez,17/12/2023,Cali
D404,,72.0,62006.0,Luis Ramírez,24/01/2023,Cali
E505,Gama,26.0,460196.0,Ana Gómez,15/08/2023,Cartagena
D404,Beta,35.0,470196.0,Laura Torres,17/11/2023,Bogotá
E505,Delta,62.0,126963.0,Laura Torres,03/10/2023,Bogotá
C303,Gama,21.0,522396.0,Carlos Ruiz,28/12/2023,Cali
B202,Alfa,error,526603.0,Carlos Ruiz,02/11/2023,Cartagena
D404,Épsilon,16.0,417914.0,Carlos Ruiz,07/03/2023,
B202,Épsilon,,991735.0,Carlos Ruiz,05/05/2023,Cali
C303,Épsilon,47.0,832792.0,Juan Pérez,31/05/2023,Cali
